﻿<File>
	<Import>
		<ColladaFromDB>
			<Title>Import Collada from Database</Title>
			<!--MinimumSize>50;50</MinimumSize-->
			<Controls>
				<GroupBox>
					<!--UseVisualStyleBackColor>true</UseVisualStyleBackColor-->
					<Location>12;12</Location>
					<Name>aLabel</Name>
					<Text>a Label</Text>
					<MinimumSize>500;300</MinimumSize>
					<Anchor>Left,Bottom,Top</Anchor>
				</GroupBox>
			</Controls>
			<AutoSize>true</AutoSize>
			<AutoSizeMode>GrowAndShrink</AutoSizeMode>
		</ColladaFromDB>
	</Import>
</File>
